name;miARN;miARN*;strand;miARN_ini;miARN*_ini;Procesamiento;DeltaG
miR156a;UGACAGAAGAGAGUGAGCAC;GCUCACUGCUCUUUCUGUCAGA;1;647;709;SrLTB;-24.5
miR156b;UGACAGAAGAGAGUGAGCAC;GCUCACCUCUCUUUCUGUCAGU;1;344;404;SrLTB;-24.5
miR156c;UGACAGAAGAGAGUGAGCAC;GCUCACUGCUCUAUCUGUCAGA;1;1090;1153;SrLTB;-24.5
miR156d;UGACAGAAGAGAGUGAGCAC;GCUCACUCUCUUUUUGUCAUAA;1;368;435;SrLTB;-25.8
miR156e;UGACAGAAGAGAGUGAGCAC;GCUUACUCUCUCUCUGUCACC;1;412;489;SrLTB;-25.9
miR156f;UGACAGAAGAGAGUGAGCAC;GCUCACUCUCUAUCCGUCACC;1;123;194;SrLTB;-23.8
miR156g;CGACAGAAGAGAGUGAGCAC;GCUUACUCUCUUCUUGUCUCC;1;392;456;SrLTB;-25.1
miR156h;UGACAGAAGAAAGAGAGCAC;GCUCUCUUUCCUUCUGCCACCA;1;494;559;SrLTB;-20.8
miR157a;UUGACAGAAGAUAGAGAGCAC;GCUCUCUAGCCUUCUGUCAUCA;1;504;575;SrLTB;-25.5
miR157b;UUGACAGAAGAUAGAGAGCAC;GCUCUCUAGCCUUCUGUCAUCA;1;403;474;SrLTB;-26.1
miR157c;UUGACAGAAGAUAGAGAGCAC;GCUCUCUAUACUUCUGUCACC;1;607;753;SrLTB;-26.4
miR157d;UGACAGAAGAUAGAGAGCAC;GCUCUCUAUGCUUCUGUCAUC;1;592;743;und;-26.3
miR160a;UGCCUGGCUCCCUGUAUGCCA;GCGUAUGAGGAGCCAUGCAUA;1;481;541;SrLTB;-23.8
miR160b;UGCCUGGCUCCCUGUAUGCCA;GCGUACAGAGUAGUCAAGCAUG;1;485;546;SrLTB;-17.9
miR160c;UGCCUGGCUCCCUGUAUGCCA;GCGUACAAGGAGUCAAGCAUG;1;621;683;SrLTB;-23.7
miR164a;UGGAGAAGCAGGGCACGUGCA;CACGUACUUAACUUCUCCAAC;1;469;528;SrBTL;-17.8
miR164b;UGGAGAAGCAGGGCACGUGCA;CAUGUGCCCAUCUUCACCAUC;1;485;615;SrBTL;-23.7
miR164c;UGGAGAAGCAGGGCACGUGCG;CACGUGUUCUACUACUCCAAC;1;483;546;SrBTL;-21.3
miR167a;UGAAGCUGCCAGCAUGAUCUA;GAUCAUGUUCGCAGUUUCACC;1;389;471;SrBTL;-23.9
miR167b;UGAAGCUGCCAGCAUGAUCUA;GGUCAUGCUCUGACAGCCUCACU;1;376;446;SrBTL;-18.3
miR167c;UAAGCUGCCAGCAUGAUCUUG;GGUCAUGCUGGUAGUUUCAC;1;530;650;SrBTL;-24.5
miR167d;UGAAGCUGCCAGCAUGAUCUGG;AGGUCAUCCUGCAGCUUCAGU;1;655;978;SrBTL;-22.3
miR168a;UCGCUUGGUGCAGGUCGGGAA;CCCGCCUUGCAUCAACUGAAU;1;451;536;SrBTL;-22
miR168b;UCGCUUGGUGCAGGUCGGGAA;CCCGUCUUGUAUCAACUGAAU;1;407;477;SrBTL;-19.7
miR169a;CAGCCAAGGAUGACUUGCCGA;GGCAAGUUGUCCUUGGCUACA;1;398;570;SrBTL;-31.3
miR169b;CAGCCAAGGAUGACUUGCCGG;GGCAAGUUGUCCUUCGGCUACA;1;510;591;SeqBTL;-27.4
miR169c;CAGCCAAGGAUGACUUGCCGG;GGCAAGUCAUCUAUGGCUAUG;1;712;907;SeqBTL;-25.9
miR169d;UGAGCCAAGGAUGACUUGCCG;GCAAGUUGACCUUGGCUCUGU;1;524;581;SeqBTL;-23.7
miR169e;UGAGCCAAGGAUGACUUGCCG;GCAAGUUGACUUUGGCUCUGU;1;484;540;SeqBTL;-23.7
miR169f;UGAGCCAAGGAUGACUUGCCG;GCAAGUUGACCUUGGCUCUGC;1;581;667;SeqBTL;-25.9
miR169g;UGAGCCAAGGAUGACUUGCCG;GCAAGUUGACCUUGGCUCUGU;1;686;750;SeqBTL;-25.9
miR169h;UAGCCAAGGAUGACUUGCCUG;GGCAGUCUCCUUGGCUAUU;1;736;820;SeqBTL;-24.5
miR169j;UAGCCAAGGAUGACUUGCCUG;AGGCAGUCUCCUUGGCUAUC;1;1074;1182;SeqBTL;0
miR169l;UAGCCAAGGAUGACUUGCCUG;GGCAGUCUCUUUGGCUAUC;1;540;670;SeqBTL;0
miR169n;UAGCCAAGGAUGACUUGCCUG;GGCAGUCUCCUUGGCUAUC;1;1162;1273;SeqBTL;0
miR173;UUCGCUUGCAGAGAGAAAUCAC;GAUUCUCUGUGUAAGCGAAAG;1;460;527;SrBTL;0
miR390a;AAGCUCAGGAGGGAUAGCGCC;CGCUAUCCAUCCUGAGUUUCA;1;670;722;SrBTL;-26.1
miR390b;AAGCUCAGGAGGGAUAGCGCC;CGCUAUCCAUCCUGAGUUCCA;1;659;732;SrBTL;-25.5
miR391;UUCGCAGGAGAGAUAGCGCCA;ACGGUAUCUCUCCUACGUAGC;1;759;810;SrBTL;-17.1
miR393a;UCCAAAGGGAUCGCAUUGAUCC;AUCAUGCUAUCUCUUUGGAUU;1;810;904;SrBTL;-20
miR393b;UCCAAAGGGAUCGCAUUGAUCC;AUCAUGCGAUCUCUUUGGAUU;1;1255;1376;SrBTL;-25.1
miR394a;UUGGCAUUCUGUCCACCUCC;AGGUGGGUAUACUGCCAAUA;1;1106;1178;SeqBTL;-15.8
miR394b;UUGGCAUUCUGUCCACCUCC;AGGUGGGCAUACUGCCAAUA;1;1320;1396;SeqBTL;-20.4
miR396a;UUCCACAGCUUUCUUGAACUG;GUUCAAUAAAGCUGUGGGAAG;1;1437;1549;und;-24.8
miR396b;UUCCACAGCUUUCUUGAACUU;GCUCAAGAAAGCUGUGGGAAA;1;1305;1401;SrBTL;-26.3
miR397a;UCAUUGAGUGCAGCGUUGAUG;CCAGCGUUGCGCUCAAUUAUG;1;859;927;SrBTL;-22.8
miR397b;UCAUUGAGUGCAUCGUUGAUG;UCAGCGUUGCAUUCAAUUAUG;1;750;820;SrBTL;-19.2
miR169i;UAGCCAAGGAUGACUUGCCUG;AGGCAGUCUCCUUGGCUAUC;1;1074;1182;SeqBTL;0
miR169k;UAGCCAAGGAUGACUUGCCUG;GGCAGUCUCUUUGGCUAUC;1;540;670;SeqBTL;0
miR169m;UAGCCAAGGAUGACUUGCCUG;GGCAGUCUCCUUGGCUAUC;1;1162;1273;SeqBTL;0
miR159a;UUUGGAUUGAAGGGAGCUCUA;GAGCUCCUUAAAGUUCAAACA;0;646;487;SeqLTB;-20.2
miR159b;UUUGGAUUGAAGGGAGCUCUU;GAGCUCCUUGAAGUUCAAUGG;0;612;449;SeqLTB;-20.8
miR159c;UUUGGAUUGAAGGGAGCUCCU;GAGCUCCCUUCCUCCAAAACG;0;625;443;SeqLTB;-25.5
miR162a;UCGAUAAACCUCUGCAUCCAG;GGAGGCAGCGGUUCAUCGAUC;0;844;782;SrLTB;-21.3
miR162b;UCGAUAAACCUCUGCAUCCAG;GGAGGCAGCGGUUCAUCGAUC;0;570;505;SrLTB;-21.3
miR165a;UCGGACCAGGCUUCAUCCCCC;GGAAUGUUGUCUGGAUCGAGG;0;948;870;SrBTL;-15
miR165b;UCGGACCAGGCUUCAUCCCCC;GGAAUGUUGUUUGGAUCGAGG;0;824;711;SrBTL;-17.2
miR166a;UCGGACCAGGCUUCAUUCCCC;GGACUGUUGUCUGGCUCGAGG;0;540;427;SrBTL;-18.6
miR166b;UCGGACCAGGCUUCAUUCCCC;GGACUGUUGUCUGGCUCGAGG;0;500;411;SrBTL;-18.6
miR166c;UCGGACCAGGCUUCAUUCCCC;GGAUUGUUGUCUGGCUCGAGG;0;436;351;SrBTL;-18.6
miR166d;UCGGACCAGGCUUCAUUCCCC;GGAAUAUUGUCUGGCUCGAGG;0;507;429;SrBTL;-17.1
miR166e;UCGGACCAGGCUUCAUUCCCC;GGAAUGUUGUCUGGCACGAGG;0;856;744;SrBTL;-19.9
miR166f;UCGGACCAGGCUUCAUUCCCC;UGAAUGAUGCCUGGCUCGAGA;0;477;409;SrBTL;-22.5
miR166g;UCGGACCAGGCUUCAUUCCCC;GGAAUGUUGUUUGGCUCGAGG;0;479;412;SrBTL;-19
miR170;UGAUUGAGCCGUGUCAAUAUC;UAUUGGCCUGGUUCACUCAGA;0;386;345;SrBTL;-18.8
miR171a;UGAUUGAGCCGCGCCAAUAUC;UAUUGGCCUGGUUCACUCAGA;0;519;450;SrBTL;-21.6
miR171b;UUGAGCCGUGCCAAUAUCACG;AGAUAUUAGUGCGGUUCAAUC;0;613;550;SrLTB;-20.6
miR171c;UUGAGCCGUGCCAAUAUCACG;AGAUAUUGGUGCGGUUCAAUC;0;585;523;SrLTB;-26.1
miR172a;AGAAUCUUGAUGAUGCUGCAU;GUGGCAUCAUCAAGAUUCACA;0;1362;1289;SrBTL;-24.4
miR172b;AGAAUCUUGAUGAUGCUGCAU;GCAGCACCAUUAAGAUUCACA;0;669;603;SrBTL;-24.8
miR172c;AGAAUCUUGAUGAUGCUGCAG;GGAGCAUCAUCAAGAUUCACA;0;889;809;SrBTL;-24.8
miR172d;AGAAUCUUGAUGAUGCUGCAG;GCAACAUCUUCAAGAUUCAGA;0;490;420;SrBTL;-21.2
miR172e;GGAAUCUUGAUGAUGCUGCAU;GCAGCACCAUUAAGAUUCACA;0;565;483;SrBTL;-24.2
miR319a;UUGGACUGAAGGGAGCUCCCU;AGAGCUUCCUUGAGUCCAUUC;0;608;459;SeqLTB;-28.2
miR319b;UUGGACUGAAGGGAGCUCCCU;AGAGCUUUCUUCGGUCCACUC;0;1011;862;SeqLTB;-26.7
miR319c;UUGGACUGAAGGGAGCUCCUU;GGAGAUUCUUUCAGUCCAGUC;0;869;711;SeqLTB;-25
miR395a;CUGAAGUGUUUGGGGGAACUC;GUUCCUCUGAGCACUUCAUUG;0;974;924;SrBTL;-25.7
miR395b;CUGAAGUGUUUGGGGGGACUC;GUUCCCUUUAACGCUUCAUUG;0;1039;982;SrBTL;-22.7
miR395c;CUGAAGUGUUUGGGGGGACUC;GUUCCCUUUAACGCUUCAUUG;0;1248;1191;SrBTL;-22.7
miR395d;CUGAAGUGUUUGGGGGAACUC;GUUCUCCUGAACACUUCAUUG;0;1490;1433;SrBTL;-26.1
miR395e;CUGAAGUGUUUGGGGGAACUC;GUUCCUCUGAGCACUUCAUUG;0;1491;NULL;und;-25.7
miR395f;CUGAAGUGUUUGGGGGGACUC;GUUCCCUUAAACGCUUCAUUG;0;438;369;SrBTL;-25.2
miR398a;UGUGUUCUCAGGUCACCCCUU;GGAGUGGCAUGUGAACACAUA;0;811;749;SrBTL;-18.4
miR398b;UGUGUUCUCAGGUCACCCCUG;GGGUUGAUAUGAGAACACACG;0;606;533;SrBTL;-23.7
miR398c;UGUGUUCUCAGGUCACCCCUG;GGGUUGAUAUGAGAACACACG;0;690;618;SrBTL;-23.7
miR399a;UGCCAAAGGAGAUUUGCCCUG;GGGUAAGAUCUCUAUUGGCAGG;0;864;784;SrBTL;-23.6
miR399b;UGCCAAAGGAGAGUUGCCCUG;GGGCGCCUCUCCAUUGGCAGG;0;1293;1201;SrBTL;-28.4
miR399c;UGCCAAAGGAGAGUUGCCCUG;GGGCAUCUUUCUAUUGGCAGG;0;967;896;SrBTL;-25.6
miR399d;UGCCAAAGGAGAUUUGCCCCG;GGGCGAAUACUCCUAUGGCAGA;0;492;435;SrBTL;-26.9
miR399e;UGCCAAAGGAGAUUUGCCUCG;GGGCGAAUCCUCUAUUGGCAGU;0;502;436;SrBTL;0
miR408;AUGCACUGCCUCUUCCCUGGC;CAGGGAACAAGCAGAGCAUGG;0;603;537;SrBTL;-19.4
miR827;UUAGAUGACCAUCAACAAACU;UUUGUUGAUUGAUAUCUACAC;0;1169;1117;SrBTL;-12.3
miR399f;UGCCAAAGGAGAUUUGCCUCG;GGGCGAAUCCUCUAUUGGCAGU;0;502;436;SrBTL;0
