Acoerulea	CAGGGAAGAGGCAGTTGCA	Aquca_020_00410.1	-37.6	1
Alyrata	CAGGGAAGGGGCAGTGGCA	941687	-36.7	2
Athaliana	CAGGGAAGGGGCAGTGGCA	AT5G21930.1	-36.7	2
Bdistachyon	TAGGAAAGAAGCAGTGGA	Bradi1g72790.1	-23	4
Brapa	TAGGGAAGGGGCAGTGGCA	Bra002374	-35.6	3
Crubella	TAGGGAAGGGGCAGTGGCA	Carubv10000184m	-35.6	3
Cclementina	CAGGGAAGAGGCAGTTGCA	Ciclev10007408m	-37.6	1
Csinensis	CAGGGAAGAGGCAGTTGCA	orange1.1g002770m	-37.6	1
Csativus	CAGGGAAGAGGCAGTTGCA	Cucsa.271070.1	-37.6	1
Egrandis	TAGGGAAGAGGCAGTTGCA	Eucgr.C00731.1	-36.5	2
Fvesca	CAGGGAAGAGGCAGTTGCA	mrna15492.1-v1.0-hybrid	-37.6	1
Gmax	CAGGGAAGAGGCAGTTGCA	Glyma06g05890.1	-37.6	1
Gmax	TAGGGAAGAGGCAGTTGCA	Glyma04g05897.1	-36.5	2
Graimondii	CAGGGAAGAGGCAGTTGCA	Gorai.010G096400.1	-37.6	1
Lusitatissimum	CAGGGAAGAAGCAGTAGCA	Lus10038070	-31.1	2
Lusitatissimum	CAGGGAAGAAGCTGTAGCA	Lus10009789	-27.2	3
Mdomestica	CAGGGAAGAGGCAGTTGCA	MDP0000242151	-37.6	1
Mesculenta	CAGGGAAGAGGCAGTTGCA	cassava4.1_001410m	-37.6	1
Mtruncatula	CAGGGAAGAGGCAGTTGCA	Medtr3g105190.1	-37.6	1
Mguttatus	CAGGGAAGAGGCAGTTGCA	mgv1a001497m	-37.6	1
Pvirgatum	TAGGGAAGAAGCAGTGACA	Pavirv00062724m	-30	3
Pvulgaris	TAGGGAAGAGGCAGTTGCA	Phvul.009G082400.1	-36.5	2
Ptrichocarpa	CAGGGAAGAGGCAGTTGCA	Potri.018G047800.2	-37.6	1
Ppersica	TAGGGAAGAGGCAGTTGTA	ppa001206m	-34.5	3
Rcommunis	CAGGGAAGAGGCAGTTGCT	29739.m003625	-36.7	2
Sitalica	TAGGGAAGAAGCAGTGACA	Si034145m	-30	3
Sbicolor	TAGGGAAGAAGCAGTGACA	Sb01g045340.1	-30	3
Thalophila	TAGGGAAGGGGCAGTGGCA	Thhalv10012640m	-35.6	3
Tcacao	CAGGGAAGAGGCAGTTGCA	Thecc1EG037391t2	-37.6	1
Vvinifera	CAGGGAAGAGGCAGTTGCA	GSVIVT01035474001	-37.6	1
Zmays	TAGGGGAGAAGCAGTGACA	GRMZM5G855347_T03	-29.5	4
